sec,nei,
Residue,Previous_Residue,R_0,
-,A,454.606134917747,
-,C,0,
-,D,-3.02695835550051,
-,E,-285.241735963538,
-,F,136.311603418078,
-,G,-50.6788174730107,
-,H,-364.672500508899,
-,I,-512.262969203309,
-,K,0,
-,L,-608.325279418188,
-,M,568.465428842532,
-,N,153.275358145727,
-,P,64.9723747074799,
-,Q,-132.909402738916,
-,R,0,
-,S,256.317477985161,
-,T,-5.58879326088595,
-,V,-617.751823068615,
-,W,827.154300072587,
-,Y,13.5334488902763,
A,A,68.5094898399385,
A,C,0,
A,D,-159.257535313946,
A,E,-338.490167811523,
A,F,-222.396073095752,
A,G,-157.708698836776,
A,H,-388.861984220625,
A,I,-1026.16460011088,
A,K,63.5264742416066,
A,L,-165.985531446483,
A,M,0,
A,N,-382.334361187653,
A,P,-260.039246247487,
A,Q,-120.638977033954,
A,R,-184.121534069768,
A,S,-163.849716620207,
A,T,-326.525661100513,
A,V,-958.816567415267,
A,W,1113.1073345167,
A,Y,479.432543127659,
C,A,0,
C,C,0,
C,D,0,
C,E,0,
C,F,0,
C,G,0,
C,H,0,
C,I,0,
C,K,0,
C,L,0,
C,M,0,
C,N,0,
C,P,0,
C,Q,0,
C,R,0,
C,S,0,
C,T,0,
C,V,0,
C,W,0,
C,Y,0,
D,A,585.519718430999,
D,C,0,
D,D,-126.331566606217,
D,E,-62.7677575366729,
D,F,70.8101283627187,
D,G,-64.8820386182919,
D,H,-235.562025115037,
D,I,240.761416726923,
D,K,287.811051773851,
D,L,183.810183356162,
D,M,0,
D,N,11.4805829137953,
D,P,125.612671780132,
D,Q,-107.198841987762,
D,R,61.7614996823179,
D,S,246.700972215649,
D,T,-257.608258315101,
D,V,-395.550892026634,
D,W,1340.96940375447,
D,Y,493.977234025899,
E,A,647.090195418806,
E,C,0,
E,D,361.832342938651,
E,E,-106.254152251181,
E,F,775.203671623514,
E,G,201.342884200106,
E,H,374.7742816815,
E,I,239.20832762589,
E,K,691.241437081493,
E,L,358.650464721162,
E,M,1012.52389643081,
E,N,-241.308442289998,
E,P,139.344940787834,
E,Q,-120.500686909925,
E,R,726.836978911571,
E,S,738.184874789684,
E,T,177.547354641552,
E,V,-136.01399730131,
E,W,1475.72628575053,
E,Y,993.597213772501,
F,A,1336.8116598413,
F,C,0,
F,D,1150.25422763631,
F,E,742.280094538187,
F,F,937.900907212687,
F,G,1108.15915921388,
F,H,536.183408317557,
F,I,997.752904591653,
F,K,1360.7014002392,
F,L,1281.21881355941,
F,M,0,
F,N,671.730502722104,
F,P,1050.34223854198,
F,Q,2017.53532305805,
F,R,1246.18207337463,
F,S,1314.32485618888,
F,T,828.772390966298,
F,V,261.823115205426,
F,W,1802.38998989699,
F,Y,1351.28369304773,
G,A,672.297964538014,
G,C,0,
G,D,59.8234206580041,
G,E,117.285256441532,
G,F,-5.43299054891546,
G,G,142.165374212094,
G,H,515.90533104307,
G,I,7.36768516171276,
G,K,287.889169365206,
G,L,-16.3399790735369,
G,M,781.712493604134,
G,N,-318.48574482463,
G,P,75.6402093055372,
G,Q,-168.572057396075,
G,R,394.87189977143,
G,S,264.799180104101,
G,T,164.04803105513,
G,V,-292.545056871041,
G,W,1555.50361470813,
G,Y,86.0823004182116,
H,A,-469.27695179195,
H,C,0,
H,D,-1339.72816387073,
H,E,-156.554289943535,
H,F,-597.005237052647,
H,G,-280.241126903076,
H,H,0,
H,I,-508.950399909561,
H,K,0,
H,L,-361.127880290972,
H,M,0,
H,N,-61.3093444012643,
H,P,-469.73895540615,
H,Q,150.074531600406,
H,R,-47.4164448897396,
H,S,228.711979132907,
H,T,12.9722139808669,
H,V,-743.910758386848,
H,W,0,
H,Y,709.116223088743,
I,A,1412.94287077534,
I,C,0,
I,D,1011.95235816016,
I,E,682.460385827329,
I,F,1138.524350423,
I,G,890.094887224509,
I,H,937.582114718826,
I,I,804.537070277923,
I,K,1253.70835489454,
I,L,1070.44239352471,
I,M,0,
I,N,701.957778615617,
I,P,813.524896050197,
I,Q,886.775719505283,
I,R,1120.35294135941,
I,S,1105.27639271902,
I,T,994.639258358459,
I,V,417.661871901431,
I,W,0,
I,Y,1120.41314709217,
K,A,0,
K,C,0,
K,D,0,
K,E,0,
K,F,0,
K,G,0,
K,H,0,
K,I,0,
K,K,0,
K,L,0,
K,M,0,
K,N,0,
K,P,0,
K,Q,0,
K,R,0,
K,S,0,
K,T,0,
K,V,0,
K,W,0,
K,Y,0,
L,A,1357.52977654347,
L,C,0,
L,D,1012.07170718193,
L,E,839.46553771092,
L,F,1080.34610002127,
L,G,882.96498071481,
L,H,930.907784112032,
L,I,641.055987687614,
L,K,1060.66477332415,
L,L,872.975224359127,
L,M,567.373188595163,
L,N,1307.34500653826,
L,P,1094.08161141084,
L,Q,1286.48993955322,
L,R,1360.36201927429,
L,S,1324.00156622461,
L,T,994.255392515955,
L,V,497.279503857486,
L,W,790.849718274821,
L,Y,1297.04451441141,
M,A,228.600440905269,
M,C,0,
M,D,0,
M,E,587.908132659944,
M,F,0,
M,G,-104.747828099235,
M,H,0,
M,I,0,
M,K,-625.986734317225,
M,L,0,
M,M,1600.14682872678,
M,N,0,
M,P,0,
M,Q,0,
M,R,0,
M,S,-154.059845950405,
M,T,0,
M,V,0,
M,W,0,
M,Y,0,
N,A,491.19745164741,
N,C,0,
N,D,-328.262110718358,
N,E,-652.904653809741,
N,F,32.8527703711141,
N,G,232.146358667606,
N,H,-512.097078224037,
N,I,-250.506738845356,
N,K,205.483758367959,
N,L,425.568367844428,
N,M,0,
N,N,-858.98413392625,
N,P,-56.4852964448075,
N,Q,-234.329326164006,
N,R,147.31942073057,
N,S,-117.674574592336,
N,T,36.4639415517542,
N,V,-440.857022585243,
N,W,0,
N,Y,75.324790268706,
P,A,797.939129330492,
P,C,0,
P,D,68.5182558898073,
P,E,23.7625634270429,
P,F,213.419646341188,
P,G,618.01246957536,
P,H,0,
P,I,-193.285103334114,
P,K,664.162406051696,
P,L,-42.3200846027214,
P,M,0,
P,N,192.716487713642,
P,P,399.306043285136,
P,Q,-95.0392123803658,
P,R,543.243141382341,
P,S,563.419019761407,
P,T,283.123723007313,
P,V,-129.294798205046,
P,W,425.274583909246,
P,Y,307.430188094218,
Q,A,187.622583233626,
Q,C,0,
Q,D,-240.093453276542,
Q,E,-503.809725122481,
Q,F,48.7186892145163,
Q,G,-8.66859092249846,
Q,H,-1379.8354309291,
Q,I,341.508297320551,
Q,K,-142.463216615897,
Q,L,-185.70360471504,
Q,M,0,
Q,N,-397.382043444599,
Q,P,-704.782192626385,
Q,Q,0.367598581744342,
Q,R,1087.26122774678,
Q,S,662.329991716107,
Q,T,-6.80786198059422,
Q,V,-373.505452581219,
Q,W,0,
Q,Y,469.067815331938,
R,A,0,
R,C,0,
R,D,0,
R,E,0,
R,F,0,
R,G,0,
R,H,0,
R,I,0,
R,K,0,
R,L,0,
R,M,0,
R,N,0,
R,P,0,
R,Q,0,
R,R,0,
R,S,0,
R,T,0,
R,V,0,
R,W,0,
R,Y,0,
S,A,-73.6565201652401,
S,C,0,
S,D,-293.772222905319,
S,E,-582.634733123748,
S,F,-179.513520950298,
S,G,-444.061827408385,
S,H,-204.56457486324,
S,I,-42.9454313283485,
S,K,264.921501833505,
S,L,-2.63413177042414,
S,M,0,
S,N,-180.014394714541,
S,P,-246.313604171989,
S,Q,189.626746239319,
S,R,329.045717491226,
S,S,-95.3902827952272,
S,T,-306.093292017739,
S,V,-644.581626134774,
S,W,2748.46676405475,
S,Y,-112.281601997912,
T,A,374.812654285724,
T,C,0,
T,D,276.122110191779,
T,E,-343.34937876246,
T,F,52.0352406908353,
T,G,-111.84319339417,
T,H,19.1822626437064,
T,I,100.833183439615,
T,K,518.150942256338,
T,L,-34.3113467746802,
T,M,0,
T,N,23.3651320935922,
T,P,51.929073085258,
T,Q,109.238501407646,
T,R,168.703069996275,
T,S,342.350569321631,
T,T,222.280339263196,
T,V,-480.254134443363,
T,W,1809.59459517444,
T,Y,368.11242390356,
V,A,1325.26564314564,
V,C,0,
V,D,971.835195868413,
V,E,878.79619105769,
V,F,1546.70485763108,
V,G,675.086281428137,
V,H,263.95552351602,
V,I,548.183856728911,
V,K,1517.48061464154,
V,L,1050.14490215698,
V,M,0,
V,N,1087.57810566164,
V,P,1080.52617930117,
V,Q,1180.61608087925,
V,R,1320.51157453975,
V,S,1058.55819064367,
V,T,1120.75422936253,
V,V,161.156900442927,
V,W,0,
V,Y,1568.61815010909,
W,A,-900.368268136934,
W,C,0,
W,D,2213.76082877249,
W,E,-102.141237783612,
W,F,0,
W,G,0,
W,H,0,
W,I,0,
W,K,0,
W,L,0,
W,M,0,
W,N,0,
W,P,-845.52414102305,
W,Q,804.524113583968,
W,R,0,
W,S,24.7731695304825,
W,T,-221.121685812246,
W,V,179.899856799176,
W,W,0,
W,Y,0,
Y,A,0,
Y,C,0,
Y,D,0,
Y,E,0,
Y,F,0,
Y,G,0,
Y,H,0,
Y,I,0,
Y,K,182.157309300912,
Y,L,0,
Y,M,0,
Y,N,0,
Y,P,0,
Y,Q,0,
Y,R,0,
Y,S,0,
Y,T,0,
Y,V,0,
Y,W,0,
Y,Y,769.662150400091,
A,-,0,
C,-,0,
D,-,0,
E,-,0,
F,-,0,
G,-,0,
H,-,0,
I,-,0,
K,-,0,
L,-,0,
M,-,0,
N,-,0,
P,-,0,
Q,-,0,
R,-,0,
S,-,0,
T,-,0,
V,-,0,
W,-,0,
Y,-,0,
